INSERT INTO soccer_schema.league (league_id, league_name, logo, sponsors, rating) VALUES
(1, 'Высшая университеская лига', NULL, 'Газпром, Сбербанк', 9.5),
(2, 'Лига ФПМИ', NULL, 'РЖД, Роснефть', 9.3),
(3, 'Лига ЛФИ', NULL, 'Лукойл, Газпромбанк', 8.9),
(4, 'Лига выпусников', NULL, 'ВТБ, Аэрофлот', 8.7),
(5, 'Преподаватели МФТИ', NULL, 'Яндекс, МТС', 8.8),
(6, 'Первая лига', NULL, 'Тинькофф, Вимм-Билль-Данн', 8.5),
(7, 'Высшая лига', NULL, 'МТС, Яндекс', 8.6),
(8, 'Женская высшая лига', NULL, 'Роснефть, Газпром', 8.4),
(9, 'Женская первая лига', NULL, 'Сбербанк, Лукойл', 8.2),
(10, 'РТ', NULL, 'Аэрофлот, ВТБ', 8.1),
(11, 'РПЛ', NULL, 'Газпромбанк, Лукойл', 8.3),
(12, 'Иностранцы ФПМИ', NULL, 'Сбербанк, Тинькофф', 7.9),
(13, 'Иностранцы МФТИ', NULL, 'МТС, Яндекс', 8.0),
(14, 'Вторая Лига', NULL, 'Роснефть, Газпром', 7.8),
(15, 'Третья Лига', NULL, 'Лукойл, Сбербанк', 7.5),
(16, 'Лига Кафедры ВЫШМАТА', NULL, 'Газпром, Сбербанк', 8.0),
(17, 'ГП ФОПФ', NULL, 'РЖД, Роснефть', 8.7),
(18, 'Общая лига', NULL, 'Лукойл, Газпромбанк', 8.6),
(19, 'Лига ФЭФМ', NULL, 'ВТБ, Аэрофлот', 8.3),
(20, 'Лига Иностранцев', NULL, 'Яндекс, МТС', 8.2),
(21, 'Лига ФЭФП', NULL, 'Тинькофф, Вимм-Билль-Данн', 7.9),
(22, 'Лига ФБМФ', NULL, 'МТС, Яндекс', 7.8),
(23, 'Лига ФАКИ', NULL, 'Роснефть, Газпром', 7.6),
(24, 'Лига Факт', NULL, 'Сбербанк, Лукойл', 7.5),
(25, 'Лига РТ', NULL, 'Аэрофлот, ВТБ', 8.4),
(26, 'Лига ФБВТ', NULL, 'Газпромбанк, Лукойл', 8.3),
(27, 'Лига КНТ', NULL, 'Сбербанк, Тинькофф', 8.1),
(28, 'Лига ВШПИ', NULL, 'МТС, Яндекс', 8.0),
(29, 'Лига ФРКТ', NULL, 'Роснефть, Газпром', 7.8),
(30, 'Лига ФЭПФ', NULL, 'Лукойл, Сбербанк', 7.7);

INSERT INTO soccer_schema.Teams (team_id, players_count, team_name, team_logo, league_id, rating)
VALUES
(1, 20, 'After Party', NULL, 1, 7.5),
(2, 14, 'Пыль', NULL, 1, 7.2),
(3, 22, 'НЕрт', NULL, 1, 7.8),
(4, 19, 'Жборная', NULL, 1, 7.3),
(5, 21, 'Ураган', NULL, 1, 7.6),
(6, 20, 'Офисные клерки', NULL, 1, 7.5),
(7, 24, 'Groove Street', NULL, 1, 7.2),
(8, 22, 'First Smoke', NULL, 1, 7.8),
(9, 19, 'ФК Арцах', NULL, 1, 7.3),
(10, 21, 'Машина', NULL, 1, 7.6),
(11, 25, 'ИНБИКСТ', NULL, 1, 7.5),
(12, 18, 'Университетская команда "КАИ"', NULL, 2, 7.2),
(13, 22, 'Университетская команда "МГТА"', NULL, 2, 7.8),
(14, 19, 'Университетская команда "МГТУ им. Н. Э. Баумана"', NULL, 3, 7.3),
(15, 21, 'Университетская команда "ИТМО"', NULL, 3, 7.6),
(16, 23, 'Университетская команда "ТПУ"', NULL, 3, 7.5),
(17, 18, 'Университетская команда "УрФУ"', NULL, 3, 7.2),
(18, 22, 'Университетская команда "ВГУ"', NULL, 3, 7.8),
(19, 19, 'Университетская команда "СГАУ"', NULL, 2, 7.3),
(20, 21, 'Университетская команда "СГУ"', NULL,2 , 7.6),
(21, 21, 'Университетская команда "СГУ"', NULL,2 , 7.6),
(22, 21, 'Ртляндия', NULL,5 , 4.0),
(23, 21, 'ФК АИ', NULL,5 , 4.7),
(24, 21, 'ФК АИ', NULL,6 , 7.0),
(25, 21, 'ФК РТ', NULL,6 , 6.2),
(26, 21, 'Фартук', NULL,6 , 8.3),
(27, 21, 'Фартук', NULL,6 , 8.3),
(28, 20, 'Львиная гордость', NULL, 5, 7.5),
(29, 18, 'Грозные викинги', NULL, 5, 7.2),
(30, 22, 'Пылающие драконы', NULL, 5, 7.8),
(31, 19, 'Бурные вихри', NULL, 5, 7.3),
(32, 21, 'Теневые убийцы', NULL, 5, 7.6),
(33, 20, 'Неуловимые пумы', NULL, 5, 7.5),
(34, 18, 'Могучие орлы', NULL, 5, 7.2),
(35, 22, 'Сверкающие звезды', NULL, 5, 7.8),
(36, 19, 'Зловещие пираты', NULL, 5, 7.3),
(37, 21, 'Великие маги', NULL, 4, 5.6),
(38, 20, 'Смелые путешественники', NULL, 4, 7.5),
(39, 18, 'Виртуозные артисты', NULL, 4, 6.2),
(40, 22, 'Загадочные призраки', NULL, 4, 6.8),
(41, 19, 'Легендарные воины', NULL, 4, 4.3),
(42, 21, 'Искусные мастера', NULL, 4, 8.6),
(43, 20, 'Неугасимый огонь', NULL, 4, 8.5),
(44, 18, 'Бесподобные атлеты', NULL, 23, 9.2),
(45, 22, 'Мудрые волшебники', NULL, 25, 9.8),
(46, 19, 'Несокрушимые герои', NULL, 27, 3.3),
(47, 21, 'Светлые рыцари', NULL, 28, 7.6);


INSERT INTO soccer_schema.Teams (team_id, players_count, team_name, team_logo, league_id, rating)
VALUES
(58, 20, 'Бесстрашные рыцари', NULL, 1, 7.5),
(59, 18, 'Неугасимый огонь', NULL, 2, 7.2),
(60, 22, 'Вечные воины', NULL, 3, 7.8),
(61, 19, 'Звездные стрелки', NULL, 4, 7.3),
(62, 21, 'Могучие драконы', NULL, 5, 7.6),
(63, 20, 'Сокрушительные гиганты', NULL, 6, 7.5),
(64, 18, 'Бесподобные атлеты', NULL, 7, 7.2),
(65, 22, 'Молниеносные пегасы', NULL, 8, 7.8),
(66, 19, 'Мистические чародеи', NULL, 9, 7.3),
(67, 21, 'Неуловимые ниндзя', NULL, 10, 7.6),
(68, 20, 'Подземные гномы', NULL, 11, 7.5),
(69, 18, 'Светлые эльфы', NULL, 12, 7.2),
(70, 22, 'Властные короли', NULL, 13, 7.8),
(71, 19, 'Темные чары', NULL, 14, 7.3),
(72, 21, 'Смертоносные кулаки', NULL, 15, 7.6),
(73, 20, 'Зловещие призраки', NULL, 16, 7.5),
(74, 18, 'Живые тени', NULL, 17, 7.2),
(75, 22, 'Блистательные викинги', NULL, 18, 7.8),
(76, 19, 'Бурные стихии', NULL, 19, 7.3),
(77, 21, 'Роковые громы', NULL, 20, 7.6),
(78, 20, 'Сокровища пустыни', NULL, 21, 7.5),
(79, 18, 'Тайные таинства', NULL, 22, 7.2),
(80, 22, 'Неизведанные просторы', NULL, 23, 7.8),
(81, 19, 'Забытые битвы', NULL, 24, 7.3),
(82, 21, 'Пылающие сердца', NULL, 25, 7.6),
(83, 20, 'Ледяные воины', NULL, 26, 7.5),
(84, 18, 'Величественные пирамиды', NULL, 27, 7.2),
(85, 22, 'Солнечные ковбои', NULL, 28, 7.8),
(86, 19, 'Грозные судьбы', NULL, 29, 7.3),
(87, 21, 'Звездные стрелы', NULL, 30, 7.6);

INSERT INTO soccer_schema.Season (season_id, season_name, start_date, end_date, league_id, games_count, win_score, lose_score, draw_score, final_score, team_id)
VALUES
    (1, '2024-2025', '2024-09-01', '2025-06-01', 1, 30, 3, 0, 1, 10, 1),
    (2, '2023-2024', '2023-09-01', '2024-06-01', 2, 28, 2, 1, 2, 12, 2),
    (3, '2022-2023', '2022-09-01', '2023-06-01', 3, 32, 4, 2, 3, 15, 3),
    (4, '2021-2022', '2021-09-01', '2022-06-01', 1, 29, 3, 1, 2, 11, 1),
    (5, '2020-2021', '2020-09-01', '2021-06-01', 4, 31, 5, 3, 4, 18, 4),
    (6, '2019-2020', '2019-09-01', '2020-06-01', 2, 27, 2, 2, 3, 13, 2),
    (7, '2018-2019', '2018-09-01', '2019-06-01', 3, 30, 4, 3, 4, 16, 3),
    (8, '2017-2018', '2017-09-01', '2018-06-01', 1, 29, 3, 2, 3, 14, 1),
    (9, '2016-2017', '2016-09-01', '2017-06-01', 4, 32, 5, 4, 5, 20, 4),
    (10, '2015-2016', '2015-09-01', '2016-06-01', 2, 28, 2, 3, 4, 15, 2),
    (11, '2014-2015', '2014-09-01', '2015-06-01', 3, 31, 4, 4, 5, 19, 3),
    (12, '2013-2014', '2013-09-01', '2014-06-01', 1, 30, 3, 3, 4, 17, 1),
    (13, '2012-2013', '2012-09-01', '2013-06-01', 4, 33, 5, 5, 6, 22, 4),
    (14, '2011-2012', '2011-09-01', '2012-06-01', 2, 29, 2, 4, 5, 18, 2),
    (15, '2010-2011', '2010-09-01', '2011-06-01', 3, 32, 4, 5, 6, 21, 3),
    (16, '2009-2010', '2009-09-01', '2010-06-01', 1, 31, 3, 5, 6, 20, 1),
    (17, '2008-2009', '2008-09-01', '2009-06-01', 4, 34, 5, 6, 7, 24, 4),
    (18, '2007-2008', '2007-09-01', '2008-06-01', 2, 30, 2, 6, 7, 22, 2),
    (19, '2006-2007', '2006-09-01', '2007-06-01', 3, 33, 4, 7, 8, 25, 3),
    (20, '2005-2006', '2005-09-01', '2006-06-01', 1, 32, 3, 7, 8, 23, 1),
    (21, '2004-2005', '2004-09-01', '2005-06-01', 4, 35, 5, 8, 9, 27, 4),
    (22, '2003-2004', '2003-09-01', '2004-06-01', 2, 31, 2, 8, 9, 24, 2),
    (23, '2002-2003', '2002-09-01', '2003-06-01', 3, 34, 4, 9, 10, 28, 3),
    (24, '2001-2002', '2001-09-01', '2002-06-01', 1, 33, 3, 9, 10, 26, 1),
    (25, '2000-2001', '2000-09-01', '2001-06-01', 4, 36, 5, 10, 11, 30, 4),
    (26, '1999-2000', '1999-09-01', '2000-06-01', 2, 32, 2, 10, 11, 27, 2),
    (27, '1998-1999', '1998-09-01', '1999-06-01', 3, 35, 4, 11, 12, 31, 3),
    (28, '1997-1998', '1997-09-01', '1998-06-01', 1, 34, 3, 11, 12, 29, 1),
    (29, '1996-1997', '1996-09-01', '1997-06-01', 4, 37, 5, 12, 13, 33, 4),
    (30, '1995-1996', '1995-09-01', '1996-06-01', 2, 33, 2, 12, 13, 30, 2);

INSERT INTO soccer_schema.Players (player_id, first_name, last_name, birth_date, the_goals, the_assists, the_saves, position, team_id, season_id)
VALUES
(1, 'Александр', 'Иванов', '2001-03-15', 10, 5, 0, 'Нападающий', 1,1),
(2, 'Дмитрий', 'Петров', '2002-07-21', 8, 12, 0, 'Полузащитник', 1,1),
(3, 'Андрей', 'Смирнов', '1999-11-03', 0, 7, 0, 'Защитник', 1,1),
(4, 'Иван', 'Сидоров', '2000-04-28', 3, 9, 0, 'Нападающий', 2,1),
(5, 'Евгений', 'Кузнецов', '2001-09-11', 6, 3, 0, 'Защитник', 2,2),
(6, 'Олег', 'Морозов', '2002-01-19', 9, 8, 0, 'Полузащитник', 2,2),
(7, 'Максим', 'Волков', '1999-12-05', 4, 6, 0, 'Нападающий', 3,2),
(8, 'Николай', 'Алексеев', '2001-06-17', 7, 4, 0, 'Защитник', 3,2),
(9, 'Алексей', 'Соколов', '2002-08-23', 11, 10, 0, 'Полузащитник', 3,2),
(10, 'Сергей', 'Козлов', '1999-02-09', 5, 3, 0, 'Защитник', 4,2),
(11, 'Павел', 'Новиков', '2002-05-14', 9, 8, 0, 'Нападающий', 4,2),
(12, 'Артем', 'Макаров', '2001-10-27', 7, 6, 0, 'Полузащитник', 4,2),
(13, 'Антон', 'Федоров', '2000-03-03', 6, 5, 0, 'Защитник', 5,1),
(14, 'Григорий', 'Богданов', '1999-07-18', 8, 7, 0, 'Нападающий', 5,1),
(15, 'Владимир', 'Никитин', '2002-09-30', 10, 9, 0, 'Полузащитник', 5,1),
(16, 'Игорь', 'Морозов', '1999-11-12', 4, 4, 0, 'Защитник', 6,7),
(17, 'Михаил', 'Лебедев', '2001-01-07', 7, 6, 0, 'Нападающий', 6,7),
(18, 'Станислав', 'Волков', '2002-04-22', 8, 9, 0, 'Полузащитник', 6,7),
(19, 'Александр', 'Казаков', '1999-06-10', 6, 8, 0, 'Защитник', 7,8),
(20, 'Василий', 'Петров', '2001-08-14', 9, 10, 0, 'Нападающий', 7,9),
(21, 'Денис', 'Смирнов', '2000-12-01', 7, 5, 0, 'Полузащитник', 7,10),
(22, 'Юрий', 'Медведев', '1999-02-28', 5, 6, 0, 'Защитник', 8,11),
(23, 'Егор', 'Сергеев', '2001-07-05', 8, 7, 0, 'Нападающий', 8,12),
(24, 'Артемий', 'Попов', '2002-09-18', 6, 8, 0, 'Полузащитник', 8,13),
(25, 'Кирилл', 'Иванов', '1999-01-25', 4, 3, 0, 'Защитник', 9,14),
(26, 'Антон', 'Смирнов', '2000-05-02', 7, 9, 0, 'Нападающий', 9,14),
(27, 'Владислав', 'Козлов', '2002-11-09', 9, 6, 0, 'Полузащитник', 9,15),
(28, 'Семен', 'Морозов', '2001-04-17', 6, 5, 0, 'Защитник', 10,15),
(29, 'Никита', 'Новиков', '1999-08-08', 8, 7, 0, 'Нападающий', 10,15),
(30, 'Евгений', 'Петров', '2002-10-12', 5, 9, 0, 'Полузащитник', 10,1),
(31, 'Иван', 'Кузнецов', '2003-03-15', 6, 4, 0, 'Защитник', 11,1),
(32, 'Алексей', 'Морозов', '2004-07-21', 9, 8, 0, 'Нападающий', 11,1),
(33, 'Денис', 'Волков', '2005-11-03', 7, 5, 0, 'Полузащитник', 11,1),
(34, 'Никита', 'Алексеев', '2000-04-28', 5, 3, 0, 'Защитник', 12,1);

INSERT INTO soccer_schema.Players (player_id, first_name, last_name, birth_date, the_goals, the_assists, the_saves, position, team_id, season_id)
VALUES
(35, 'Владими', 'Алексеев', '2000-04-28', 5, 3, 0, 'Вратарь', 13,2),
(36, 'Андрей', 'Алексеев', '2000-04-30', 0, 0, 10, 'Вратарь', 15,5),
(37, 'Владими', 'Алексеев', '2000-06-28', 5, 3, 11, 'Вратарь', 15,3),
(38, 'София', 'Алексеева', '2000-09-29', 5, 3, 12, 'Вратарь', 16,4),
(39, 'Александр', 'Шевчук', '2000-04-28', 5, 3, 4, 'Вратарь', 14,5),
(40, 'Иван', 'Мородвинцев', '2000-05-28', 5, 3, 5, 'Вратарь', 17,6);



INSERT INTO soccer_schema.Matches (match_id, first_team_id, second_team_id, first_team_score, second_team_score, first_team_ball_possession, second_team_ball_possession, match_date, season_id, league_id)
VALUES
(1, 1, 2, 2, 1, 0.5, 0.5, '2024-09-01', 1, 1),
(2, 3, 4, 3, 2, 0.6, 0.4, '2024-09-08', 1, 1),
(3, 2, 1, 1, 1, 0.4, 0.6, '2024-09-15', 1, 1),
(4, 4, 3, 2, 2, 0.5, 0.5, '2024-09-22', 1, 1),
(5, 1, 4, 3, 1, 0.6, 0.4, '2024-09-29', 1, 1),
(6, 3, 2, 2, 3, 0.4, 0.6, '2024-10-06', 1, 1),
(7, 2, 4, 1, 2, 0.5, 0.5, '2024-10-13', 1, 1),
(8, 4, 1, 2, 1, 0.6, 0.4, '2024-10-20', 1, 1),
(9, 3, 1, 1, 1, 0.5, 0.5, '2024-10-27', 1, 1),
(10, 2, 3, 2, 2, 0.6, 0.4, '2024-11-03', 1, 1),
(11, 1, 2, 3, 1, 0.6, 0.4, '2024-11-10', 1, 1),
(12, 4, 3, 2, 2, 0.5, 0.5, '2024-11-17', 1, 1),
(13, 2, 1, 1, 1, 0.4, 0.6, '2024-11-24', 1, 1),
(14, 3, 4, 2, 3, 0.4, 0.6, '2024-12-01', 1, 1),
(15, 1, 4, 3, 1, 0.6, 0.4, '2024-12-08', 1, 1),
(16, 3, 2, 2, 2, 0.5, 0.5, '2024-12-15', 1, 1),
(17, 2, 4, 1, 2, 0.5, 0.5, '2024-12-22', 1, 1),
(18, 4, 1, 2, 1, 0.6, 0.4, '2024-12-29', 1, 1),
(19, 3, 1, 1, 1, 0.5, 0.5, '2025-01-05', 1, 1),
(20, 2, 3, 2, 2, 0.6, 0.4, '2025-01-12', 1, 1),
(21, 1, 2, 3, 1, 0.6, 0.4, '2025-01-19', 1, 1),
(22, 4, 3, 2, 2, 0.5, 0.5, '2025-01-26', 1, 1),
(23, 2, 1, 1, 1, 0.4, 0.6, '2025-02-02', 1, 1),
(24, 3, 4, 2, 3, 0.4, 0.6, '2025-02-09', 1, 1),
(25, 1, 4, 3, 1, 0.6, 0.4, '2025-02-16', 1, 1),
(26, 3, 2, 2, 2, 0.5, 0.5, '2025-02-23', 1, 1),
(27, 2, 4, 1, 2, 0.5, 0.5, '2025-03-01', 1, 1),
(28, 4, 1, 2, 1, 0.6, 0.4, '2025-03-08', 1, 1),
(29, 3, 1, 1, 1, 0.5, 0.5, '2025-03-15', 1, 1),
(30, 2, 3, 2, 2, 0.6, 0.4, '2025-03-22', 1, 1),
(31, 1, 2, 3, 1, 0.6, 0.4, '2025-03-29', 1, 1),
(32, 4, 3, 2, 2, 0.5, 0.5, '2025-04-05', 1, 1),
(33, 2, 1, 1, 1, 0.4, 0.6, '2025-04-12', 1, 1),
(34, 3, 4, 2, 3, 0.4, 0.6, '2025-04-19', 1, 1),
(35, 1, 4, 3, 1, 0.6, 0.4, '2025-04-26', 1, 1),
(36, 3, 2, 2, 2, 0.5, 0.5, '2025-05-03', 1, 1),
(37, 2, 4, 1, 2, 0.5, 0.5, '2025-05-10', 1, 1),
(38, 4, 1, 2, 1, 0.6, 0.4, '2025-05-17', 1, 1);

INSERT INTO soccer_schema.Matches (match_id, first_team_id, second_team_id, first_team_score, second_team_score, first_team_ball_possession, second_team_ball_possession, match_date, season_id, league_id)
VALUES
(1, 1, 2, 2, 1, 0.5, 0.5, '2024-09-01', 2, 2),
(2, 3, 4, 3, 2, 0.6, 0.4, '2024-09-08', 2, 2),
(3, 2, 1, 1, 1, 0.4, 0.6, '2024-09-15', 1, 1),
(4, 4, 3, 2, 2, 0.5, 0.5, '2024-09-22', 1, 1),
(5, 1, 4, 3, 1, 0.6, 0.4, '2024-09-29', 1, 1),
(6, 3, 2, 2, 3, 0.4, 0.6, '2024-10-06', 1, 1),
(7, 2, 4, 1, 2, 0.5, 0.5, '2024-10-13', 1, 1),
(8, 4, 1, 2, 1, 0.6, 0.4, '2024-10-20', 1, 1),
(9, 3, 1, 1, 1, 0.5, 0.5, '2024-10-27', 1, 1),
(10, 2, 3, 2, 2, 0.6, 0.4, '2024-11-03', 1, 1),
(11, 1, 2, 3, 1, 0.6, 0.4, '2024-11-10', 1, 1),
(12, 4, 3, 2, 2, 0.5, 0.5, '2024-11-17', 1, 1),
(13, 2, 1, 1, 1, 0.4, 0.6, '2024-11-24', 1, 1),
(14, 3, 4, 2, 3, 0.4, 0.6, '2024-12-01', 1, 1),
(15, 1, 4, 3, 1, 0.6, 0.4, '2024-12-08', 1, 1),
(16, 3, 2, 2, 2, 0.5, 0.5, '2024-12-15', 1, 1),
(17, 2, 4, 1, 2, 0.5, 0.5, '2024-12-22', 1, 1),
(18, 4, 1, 2, 1, 0.6, 0.4, '2024-12-29', 1, 1),
(19, 3, 1, 1, 1, 0.5, 0.5, '2025-01-05', 1, 1),
(20, 2, 3, 2, 2, 0.6, 0.4, '2025-01-12', 1, 1),
(21, 1, 2, 3, 1, 0.6, 0.4, '2025-01-19', 1, 1),
(22, 4, 3, 2, 2, 0.5, 0.5, '2025-01-26', 1, 1),
(23, 2, 1, 1, 1, 0.4, 0.6, '2025-02-02', 1, 1),
(24, 3, 4, 2, 3, 0.4, 0.6, '2025-02-09', 1, 1),
(25, 1, 4, 3, 1, 0.6, 0.4, '2025-02-16', 1, 1),
(26, 3, 2, 2, 2, 0.5, 0.5, '2025-02-23', 1, 1),
(27, 2, 4, 1, 2, 0.5, 0.5, '2025-03-01', 1, 1),
(28, 4, 1, 2, 1, 0.6, 0.4, '2025-03-08', 1, 1),
(29, 3, 1, 1, 1, 0.5, 0.5, '2025-03-15', 1, 1),
(30, 2, 3, 2, 2, 0.6, 0.4, '2025-03-22', 1, 1),
(31, 1, 2, 3, 1, 0.6, 0.4, '2025-03-29', 1, 1),
(32, 4, 3, 2, 2, 0.5, 0.5, '2025-04-05', 1, 1),
(33, 2, 1, 1, 1, 0.4, 0.6, '2025-04-12', 1, 1),
(34, 3, 4, 2, 3, 0.4, 0.6, '2025-04-19', 1, 1),
(35, 1, 4, 3, 1, 0.6, 0.4, '2025-04-26', 1, 1),
(36, 3, 2, 2, 2, 0.5, 0.5, '2025-05-03', 1, 1),
(37, 2, 4, 1, 2, 0.5, 0.5, '2025-05-10', 1, 1),
(38, 4, 1, 2, 1, 0.6, 0.4, '2025-05-17', 1, 1);


INSERT INTO soccer_schema.Matches (match_id, first_team_id, second_team_id, first_team_score, second_team_score, first_team_ball_possession, second_team_ball_possession, match_date, season_id, league_id)
VALUES
(39, 1, 2, 2, 1, 0.5, 0.5, '2023-09-01', 2, 2),
(40, 3, 4, 3, 2, 0.6, 0.4, '2023-09-08', 2, 2),
(41, 2, 1, 1, 1, 0.4, 0.6, '2023-09-15', 2, 1),
(42, 4, 3, 2, 2, 0.5, 0.5, '2023-09-22', 2, 1),
(43, 1, 4, 3, 1, 0.6, 0.4, '2023-09-29', 2, 1),
(44, 3, 2, 2, 3, 0.4, 0.6, '2023-10-06', 2, 1),
(45, 2, 4, 1, 2, 0.5, 0.5, '2023-10-13', 2, 1),
(46, 4, 1, 2, 1, 0.6, 0.4, '2023-10-20', 2, 1),
(47, 3, 1, 1, 1, 0.5, 0.5, '2023-10-27', 2, 1),
(48, 2, 3, 2, 2, 0.6, 0.4, '2023-11-03', 2, 1),
(49, 1, 2, 3, 1, 0.6, 0.4, '2023-11-10', 2, 1),
(50, 4, 3, 2, 2, 0.5, 0.5, '2023-11-17', 2, 1),
(51, 2, 1, 1, 1, 0.4, 0.6, '2023-11-24', 2, 1),
(52, 3, 4, 2, 3, 0.4, 0.6, '2023-12-01', 2, 1),
(53, 1, 4, 3, 1, 0.6, 0.4, '2023-12-08', 2, 1),
(54, 3, 2, 2, 2, 0.5, 0.5, '2023-12-15', 2, 1),
(55, 2, 4, 1, 2, 0.5, 0.5, '2023-12-22', 2, 1),
(56, 4, 1, 2, 1, 0.6, 0.4, '2023-12-29', 2, 1),
(57, 3, 1, 1, 1, 0.5, 0.5, '2024-01-05', 2, 1),
(58, 2, 3, 2, 2, 0.6, 0.4, '2024-01-12', 2, 1),
(59, 1, 2, 3, 1, 0.6, 0.4, '2024-01-19', 2, 1),
(60, 4, 3, 2, 2, 0.5, 0.5, '2024-01-26', 2, 1),
(61, 2, 1, 1, 1, 0.4, 0.6, '2024-02-02', 2, 1),
(62, 3, 4, 2, 3, 0.4, 0.6, '2024-02-09', 2, 1),
(63, 1, 4, 3, 1, 0.6, 0.4, '2024-02-16', 2, 1),
(64, 3, 2, 2, 2, 0.5, 0.5, '2024-02-23', 2, 1),
(65, 2, 4, 1, 2, 0.5, 0.5, '2024-03-01', 2, 1),
(66, 4, 1, 2, 1, 0.6, 0.4, '2024-03-08', 2, 1),
(67, 3, 1, 1, 1, 0.5, 0.5, '2024-03-15', 2, 1),
(68, 2, 3, 2, 2, 0.6, 0.4, '2024-03-22', 2, 1),
(69, 1, 2, 3, 1, 0.6, 0.4, '2024-03-29', 2, 1),
(70, 4, 3, 2, 2, 0.5, 0.5, '2024-04-05', 2, 1),
(71, 2, 1, 1, 1, 0.4, 0.6, '2024-04-12', 2, 1),
(72, 3, 4, 2, 3, 0.4, 0.6, '2024-04-19', 2, 1),
(73, 1, 4, 3, 1, 0.6, 0.4, '2024-04-26', 2, 1),
(74, 3, 2, 2, 2, 0.5, 0.5, '2024-05-03', 2, 1),
(75, 2, 4, 1, 2, 0.5, 0.5, '2024-05-10', 2, 1);

INSERT INTO soccer_schema.Matches (match_id, first_team_id, second_team_id, first_team_score, second_team_score, first_team_ball_possession, second_team_ball_possession, match_date, season_id, league_id)
VALUES
(76, 25, 27, 2, 1, 0.5, 0.5, '2024-09-01', 2, 2),
(77, 12, 11, 3, 2, 0.6, 0.4, '2024-09-08', 2, 2),
(78, 11, 14, 1, 1, 0.4, 0.6, '2024-09-15', 1, 1),
(79, 7, 6, 2, 2, 0.5, 0.5, '2024-09-22', 1, 1),
(80, 5, 6, 3, 1, 0.6, 0.4, '2024-09-29', 1, 1),
(81, 5, 4, 2, 3, 0.4, 0.6, '2024-10-06', 1, 1),
(82, 12, 10, 1, 2, 0.5, 0.5, '2024-10-13', 1, 1),
(83, 14, 13, 2, 1, 0.6, 0.4, '2024-10-20', 1, 1),
(84, 13, 15, 1, 1, 0.5, 0.5, '2024-10-27', 1, 1),
(85, 12, 23, 2, 2, 0.6, 0.4, '2024-11-03', 1, 1),
(86, 21, 22, 3, 1, 0.6, 0.4, '2024-11-10', 1, 1),
(87, 24, 23, 2, 2, 0.5, 0.5, '2024-11-17', 1, 1),
(88, 22, 21, 1, 1, 0.4, 0.6, '2024-11-24', 1, 1),
(89, 27, 26, 2, 3, 0.4, 0.6, '2024-12-01', 1, 1),
(90, 29, 30, 3, 1, 0.6, 0.4, '2024-12-08', 1, 1),
(91, 17, 18, 2, 2, 0.5, 0.5, '2024-12-15', 1, 1),
(92, 18, 19, 1, 2, 0.5, 0.5, '2024-12-22', 1, 1),
(93, 15, 17, 2, 1, 0.6, 0.4, '2024-12-29', 1, 1),
(94, 19, 20, 1, 1, 0.5, 0.5, '2025-01-05', 1, 1),
(95, 22, 23, 2, 2, 0.6, 0.4, '2025-01-12', 1, 1),
(96, 24, 25, 3, 1, 0.6, 0.4, '2025-01-19', 1, 1),
(97, 27, 28, 2, 2, 0.5, 0.5, '2025-01-26', 1, 1),
(98, 24, 25, 1, 1, 0.4, 0.6, '2025-02-02', 1, 1),
(99, 29, 30, 2, 3, 0.4, 0.6, '2025-02-09', 1, 1),
(100, 21, 22, 3, 1, 0.6, 0.4, '2025-02-16', 1, 1),
(101, 9, 8, 2, 2, 0.5, 0.5, '2025-02-23', 1, 1),
(102, 7, 6, 1, 2, 0.5, 0.5, '2025-03-01', 1, 1),
(103, 6, 4, 2, 1, 0.6, 0.4, '2025-03-08', 1, 1),
(104, 17, 15, 1, 1, 0.5, 0.5, '2025-03-15', 1, 1),
(105, 11, 12, 2, 2, 0.6, 0.4, '2025-03-22', 1, 1),
(106, 10, 12, 3, 1, 0.6, 0.4, '2025-03-29', 1, 1),
(107, 11, 13, 2, 2, 0.5, 0.5, '2025-04-05', 1, 1),
(108, 2, 1, 1, 1, 0.4, 0.6, '2025-04-12', 1, 1),
(109, 3, 4, 2, 3, 0.4, 0.6, '2025-04-19', 1, 1),
(110, 5, 4, 3, 1, 0.6, 0.4, '2025-04-26', 1, 1),
(111, 3, 2, 2, 2, 0.5, 0.5, '2025-05-03', 1, 1),
(112, 12, 4, 1, 2, 0.5, 0.5, '2025-05-10', 1, 1),
(113, 14, 10, 2, 1, 0.6, 0.4, '2025-05-17', 1, 1);

INSERT INTO soccer_schema.Punishments (punish_id, punish_type, punish_reason, match_id, player_id) VALUES
(1, 'Yellow Card', 'Unsportsmanlike conduct', 1, 1),
(2, 'Red Card', 'Violent behavior', 2, 5),
(3, 'Yellow Card', 'Dissent', 3, 10),
(4, 'Red Card', 'Fighting', 4, 15),
(5, 'Yellow Card', 'Unsportsmanlike conduct', 5, 2),
(6, 'Yellow Card', 'Dissent', 6, 7),
(7, 'Red Card', 'Violent behavior', 7, 12),
(8, 'Yellow Card', 'Unsportsmanlike conduct', 8, 3),
(9, 'Yellow Card', 'Dissent', 9, 9),
(10, 'Red Card', 'Fighting', 10, 16),
(11, 'Yellow Card', 'Unsportsmanlike conduct', 11, 4),
(12, 'Yellow Card', 'Dissent', 12, 11),
(13, 'Red Card', 'Violent behavior', 13, 17),
(14, 'Yellow Card', 'Unsportsmanlike conduct', 14, 6),
(15, 'Yellow Card', 'Dissent', 15, 13),
(16, 'Red Card', 'Fighting', 16, 18),
(17, 'Yellow Card', 'Unsportsmanlike conduct', 17, 8),
(18, 'Yellow Card', 'Dissent', 18, 14),
(19, 'Red Card', 'Violent behavior', 19, 19),
(20, 'Yellow Card', 'Unsportsmanlike conduct', 20, 9),
(21, 'Yellow Card', 'Dissent', 21, 15),
(22, 'Red Card', 'Fighting', 22, 20),
(23, 'Yellow Card', 'Unsportsmanlike conduct', 23, 10),
(24, 'Yellow Card', 'Dissent', 24, 16),
(25, 'Red Card', 'Violent behavior', 25, 21),
(26, 'Yellow Card', 'Unsportsmanlike conduct', 26, 11),
(27, 'Yellow Card', 'Dissent', 27, 17),
(28, 'Red Card', 'Fighting', 28, 22),
(29, 'Yellow Card', 'Unsportsmanlike conduct', 29, 12),
(30, 'Yellow Card', 'Dissent', 30, 18),
(31, 'Red Card', 'Violent behavior', 31, 23),
(32, 'Yellow Card', 'Unsportsmanlike conduct', 32, 13),
(33, 'Yellow Card', 'Dissent', 33, 19),
(34, 'Red Card', 'Fighting', 34, 24),
(35, 'Yellow Card', 'Unsportsmanlike conduct', 35, 14),
(36, 'Yellow Card', 'Dissent', 36, 20),
(37, 'Red Card', 'Violent behavior', 37, 25),
(38, 'Yellow Card', 'Unsportsmanlike conduct', 38, 15),
(39, 'Yellow Card', 'Dissent', 39, 21),
(40, 'Red Card', 'Fighting', 40, 26),
(41, 'Yellow Card', 'Unsportsmanlike conduct', 41, 16),
(42, 'Yellow Card', 'Dissent', 42, 22),
(43, 'Red Card', 'Violent behavior', 43, 27),
(44, 'Yellow Card', 'Unsportsmanlike conduct', 44, 17),
(45, 'Yellow Card', 'Dissent', 45, 23),
(46, 'Red Card', 'Fighting', 46, 28),
(47, 'Yellow Card', 'Unsportsmanlike conduct', 47, 18),
(48, 'Yellow Card', 'Dissent', 48, 24),
(49, 'Red Card', 'Violent behavior', 49, 29),
(50, 'Yellow Card', 'Unsportsmanlike conduct', 50, 19),
(51, 'Yellow Card', 'Dissent', 51, 25),
(52, 'Red Card', 'Fighting', 52, 30),
(53, 'Yellow Card', 'Unsportsmanlike conduct', 53, 20),
(54, 'Yellow Card', 'Dissent', 54, 26),
(55, 'Red Card', 'Violent behavior', 55, 31),
(56, 'Yellow Card', 'Unsportsmanlike conduct', 56, 21),
(57, 'Yellow Card', 'Dissent', 57, 27),
(58, 'Red Card', 'Fighting', 58, 32),
(59, 'Yellow Card', 'Unsportsmanlike conduct', 59, 22),
(60, 'Yellow Card', 'Dissent', 60, 28);

INSERT INTO soccer_schema.PlayerTransfer (player_id, from_team_id, date_from_team, to_team_id, date_to_team) VALUES
(1, 1, '2022-07-01', 2, '2023-01-01'),
(2, 2, '2020-01-01', 3, '2021-07-01'),
(3, 3, '2019-07-01', 1, '2020-01-01'),
(4, 4, '2021-01-01', 5, '2022-07-01'),
(5, 5, '2020-07-01', 4, '2021-01-01'),
(6, 6, '2018-01-01', 7, '2019-07-01'),
(7, 7, '2017-07-01', 6, '2018-01-01'),
(8, 8, '2023-01-01', 9, '2024-07-01'),
(9, 9, '2022-07-01', 8, '2023-01-01'),
(10, 10, '2021-07-01', 11, '2022-01-01'),
(11, 11, '2020-01-01', 10, '2021-07-01'),
(12, 12, '2019-01-01', 13, '2020-07-01'),
(13, 13, '2018-07-01', 12, '2019-01-01'),
(14, 14, '2017-01-01', 15, '2018-07-01'),
(15, 15, '2016-07-01', 14, '2017-01-01'),
(16, 16, '2024-01-01', 17, '2025-07-01'),
(17, 17, '2023-07-01', 16, '2024-01-01'),
(18, 18, '2022-01-01', 19, '2023-07-01'),
(19, 19, '2021-07-01', 18, '2022-01-01'),
(20, 20, '2020-01-01', 21, '2021-07-01'),
(21, 21, '2019-07-01', 20, '2020-01-01'),
(22, 22, '2018-01-01', 23, '2019-07-01'),
(23, 23, '2017-01-01', 22, '2018-01-01'),
(24, 24, '2016-01-01', 25, '2017-07-01'),
(25, 25, '2015-07-01', 24, '2016-01-01'),
(26, 26, '2025-01-01', 27, '2026-07-01'),
(27, 27, '2024-07-01', 26, '2025-01-01'),
(28, 28, '2023-01-01', 29, '2024-07-01'),
(29, 29, '2022-07-01', 28, '2023-01-01'),
(30, 30, '2021-01-01', 31, '2022-07-01');






